{
"lengthUnit": "mil",
"remark": [],
"components": {
	"fields": ["COMPONENT_NO", "COMPONENT_NAME", "LAYER", "X_COORDINATE", "Y_COORDINATE", "ANGLE"],
	"rows": [
		[1, "C1", "T", 300, 165, 270],
		[2, "C2", "T", 300, -160, 90],
		[3, "C3", "T", 475, 179.126, 270],
		[4, "LED1", "T", 546.946, 4.41, 270],
		[5, "R1", "T", 383, -34, 180],
		[6, "R2", "T", 382.488, 46.013, 180],
		[7, "R3", "T", 478.095, -159.87, 270],
		[8, "U1", "T", 760, 0, 90],
		[9, "USB1", "T", 140, 0, 270],
		[10, "PAD1", "T", 300, 125.63, 0],
		[11, "PAD2", "T", 300, 204.37, 0],
		[12, "PAD3", "T", 300, -120.63, 0],
		[13, "PAD4", "T", 300, -199.37, 0],
		[14, "PAD5", "T", 475, 139.756, 0],
		[15, "PAD6", "T", 475, 218.496, 0],
		[16, "PAD7", "T", 546.946, 45.76, 0],
		[17, "PAD8", "T", 546.946, -36.94, 0],
		[18, "PAD9", "T", 343.63, -34, 0],
		[19, "PAD10", "T", 422.37, -34, 0],
		[20, "PAD11", "T", 343.118, 46.013, 0],
		[21, "PAD12", "T", 421.858, 46.013, 0],
		[22, "PAD13", "T", 478.095, -199.24, 0],
		[23, "PAD14", "T", 478.095, -120.5, 0],
		[24, "PAD15", "T", 760, -100, 0],
		[25, "PAD15", "B", 760, -100, 0],
		[26, "PAD16", "T", 760, 100, 0],
		[27, "PAD16", "B", 760, 100, 0],
		[28, "PAD17", "T", 223.665, -108.27, 0],
		[29, "PAD18", "T", 223.665, -59.842, 0],
		[30, "PAD19", "T", 223.665, -19.685, 0],
		[31, "PAD20", "T", 223.665, 19.685, 0],
		[32, "PAD21", "T", 223.665, 59.842, 0],
		[33, "PAD22", "T", 223.665, 108.265, 0],
		[34, "PAD23", "T", 205.945, 170.075, 0],
		[35, "PAD23", "B", 205.945, 170.075, 0],
		[36, "PAD24", "T", 205.945, -170.075, 0],
		[37, "PAD24", "B", 205.945, -170.075, 0],
		[38, "PAD25", "T", 56.335, 170.075, 0],
		[39, "PAD25", "B", 56.335, 170.075, 0],
		[40, "PAD26", "T", 56.335, -170.075, 0],
		[41, "PAD26", "B", 56.335, -170.075, 0],
		[42, "PAD27", "T", 105, -290, 0],
		[43, "PAD27", "B", 105, -290, 0],
		[44, "PAD28", "T", 105, 300, 0],
		[45, "PAD28", "B", 105, 300, 0],
		[46, "PAD29", "T", 805, 300, 0],
		[47, "PAD29", "B", 805, 300, 0],
		[48, "PAD30", "T", 805, -290, 0],
		[49, "PAD30", "B", 805, -290, 0]
	]
},
"pins": {
	"fields": ["PIN_NO", "PIN_NAME", "PIN_X", "PIN_Y", "LAYER", "PIN_TYPE", "NET_NAME", "NET_TYPE", "PAD_SHAPE", "PAD_SIZEX", "PAD_SIZEY", "HOLE_SIZE", "HOLE_LEN", "PAD_ANGLE"],
	"rows": [
		[1, "C1_1", 300, 204.37, "T", "SMD", "GND", "GND", "R", 55.512, 53.15, 0, 0, 270],
		[2, "C1_2", 300, 125.63, "T", "SMD", "+5V", "", "R", 55.512, 53.15, 0, 0, 270],
		[3, "C2_1", 300, -199.37, "T", "SMD", "GND", "GND", "R", 55.512, 53.15, 0, 0, 90],
		[4, "C2_2", 300, -120.63, "T", "SMD", "+5V", "", "R", 55.512, 53.15, 0, 0, 90],
		[5, "C3_1", 475, 218.496, "T", "SMD", "GND", "GND", "R", 55.512, 53.15, 0, 0, 270],
		[6, "C3_2", 475, 139.756, "T", "SMD", "+5V", "", "R", 55.512, 53.15, 0, 0, 270],
		[7, "LED1_1", 546.946, -36.94, "T", "SMD", "LED", "", "R", 39.37, 55.1, 0, 0, 90],
		[8, "LED1_2", 546.946, 45.76, "T", "SMD", "GND", "GND", "R", 39.37, 55.1, 0, 0, 90],
		[9, "R1_1", 422.37, -34, "T", "SMD", "GND", "GND", "R", 44.588, 54.213, 0, 0, 180],
		[10, "R1_2", 343.63, -34, "T", "SMD", "CC2", "", "R", 44.588, 54.213, 0, 0, 180],
		[11, "R2_1", 421.858, 46.013, "T", "SMD", "GND", "GND", "R", 44.588, 54.213, 0, 0, 180],
		[12, "R2_2", 343.118, 46.013, "T", "SMD", "CC1", "", "R", 44.588, 54.213, 0, 0, 180],
		[13, "R3_1", 478.095, -120.5, "T", "SMD", "+5V", "", "R", 44.588, 54.213, 0, 0, 270],
		[14, "R3_2", 478.095, -199.24, "T", "SMD", "LED", "", "R", 44.588, 54.213, 0, 0, 270],
		[15, "U1_1", 760, -100, "T", "DIP", "GND", "GND", "R", 86.614, 86.614, 59.056, 59.056, 90],
		[16, "U1_1", 760, -100, "B", "DIP", "GND", "GND", "R", 86.614, 86.614, 59.056, 59.056, 90],
		[17, "U1_2", 760, 100, "T", "DIP", "+5V", "", "C", 86.614, 86.614, 59.056, 59.056, 90],
		[18, "U1_2", 760, 100, "B", "DIP", "+5V", "", "C", 86.614, 86.614, 59.056, 59.056, 90],
		[19, "USB1_7", 205.945, 170.075, "T", "DIP", "GND", "GND", "O", 39.37, 66.929, 19.686, 47.244, 270],
		[20, "USB1_7", 205.945, 170.075, "B", "DIP", "GND", "GND", "O", 39.37, 66.929, 19.686, 47.244, 270],
		[21, "USB1_7", 205.945, -170.075, "T", "DIP", "GND", "GND", "O", 39.37, 66.929, 19.686, 47.244, 270],
		[22, "USB1_7", 205.945, -170.075, "B", "DIP", "GND", "GND", "O", 39.37, 66.929, 19.686, 47.244, 270],
		[23, "USB1_7", 56.335, 170.075, "T", "DIP", "GND", "GND", "O", 39.37, 66.929, 19.686, 47.244, 270],
		[24, "USB1_7", 56.335, 170.075, "B", "DIP", "GND", "GND", "O", 39.37, 66.929, 19.686, 47.244, 270],
		[25, "USB1_7", 56.335, -170.075, "T", "DIP", "GND", "GND", "O", 39.37, 66.929, 19.686, 47.244, 270],
		[26, "USB1_7", 56.335, -170.075, "B", "DIP", "GND", "GND", "O", 39.37, 66.929, 19.686, 47.244, 270],
		[27, "USB1_A12", 223.665, -108.27, "T", "SMD", "GND", "GND", "R", 31.496, 47.244, 0, 0, 270],
		[28, "USB1_A5", 223.665, 19.685, "T", "SMD", "CC1", "", "R", 27.559, 47.244, 0, 0, 270],
		[29, "USB1_A9", 223.665, -59.842, "T", "SMD", "+5V", "", "R", 27.559, 47.244, 0, 0, 270],
		[30, "USB1_B12", 223.665, 108.265, "T", "SMD", "GND", "GND", "R", 31.496, 47.244, 0, 0, 270],
		[31, "USB1_B5", 223.665, -19.685, "T", "SMD", "CC2", "", "R", 27.559, 47.244, 0, 0, 270],
		[32, "USB1_B9", 223.665, 59.842, "T", "SMD", "+5V", "", "R", 27.559, 47.244, 0, 0, 270],
		[33, "PAD1_2", 300, 125.63, "T", "SMD", "+5V", "", "R", 55.512, 53.15, 0, 0, 270],
		[34, "PAD2_1", 300, 204.37, "T", "SMD", "GND", "GND", "R", 55.512, 53.15, 0, 0, 270],
		[35, "PAD3_2", 300, -120.63, "T", "SMD", "+5V", "", "R", 55.512, 53.15, 0, 0, 90],
		[36, "PAD4_1", 300, -199.37, "T", "SMD", "GND", "GND", "R", 55.512, 53.15, 0, 0, 90],
		[37, "PAD5_2", 475, 139.756, "T", "SMD", "+5V", "", "R", 55.512, 53.15, 0, 0, 270],
		[38, "PAD6_1", 475, 218.496, "T", "SMD", "GND", "GND", "R", 55.512, 53.15, 0, 0, 270],
		[39, "PAD7_2", 546.946, 45.76, "T", "SMD", "GND", "GND", "R", 39.37, 55.1, 0, 0, 90],
		[40, "PAD8_1", 546.946, -36.94, "T", "SMD", "LED", "", "R", 39.37, 55.1, 0, 0, 90],
		[41, "PAD9_2", 343.63, -34, "T", "SMD", "CC2", "", "R", 44.588, 54.213, 0, 0, 180],
		[42, "PAD10_1", 422.37, -34, "T", "SMD", "GND", "GND", "R", 44.588, 54.213, 0, 0, 180],
		[43, "PAD11_2", 343.118, 46.013, "T", "SMD", "CC1", "", "R", 44.588, 54.213, 0, 0, 180],
		[44, "PAD12_1", 421.858, 46.013, "T", "SMD", "GND", "GND", "R", 44.588, 54.213, 0, 0, 180],
		[45, "PAD13_2", 478.095, -199.24, "T", "SMD", "LED", "", "R", 44.588, 54.213, 0, 0, 270],
		[46, "PAD14_1", 478.095, -120.5, "T", "SMD", "+5V", "", "R", 44.588, 54.213, 0, 0, 270],
		[47, "PAD15_1", 760, -100, "T", "DIP", "GND", "GND", "R", 86.614, 86.614, 59.056, 59.056, 90],
		[48, "PAD15_1", 760, -100, "B", "DIP", "GND", "GND", "R", 86.614, 86.614, 59.056, 59.056, 90],
		[49, "PAD16_2", 760, 100, "T", "DIP", "+5V", "", "C", 86.614, 86.614, 59.056, 59.056, 90],
		[50, "PAD16_2", 760, 100, "B", "DIP", "+5V", "", "C", 86.614, 86.614, 59.056, 59.056, 90],
		[51, "PAD17_A12", 223.665, -108.27, "T", "SMD", "GND", "GND", "R", 31.496, 47.244, 0, 0, 270],
		[52, "PAD18_A9", 223.665, -59.842, "T", "SMD", "+5V", "", "R", 27.559, 47.244, 0, 0, 270],
		[53, "PAD19_B5", 223.665, -19.685, "T", "SMD", "CC2", "", "R", 27.559, 47.244, 0, 0, 270],
		[54, "PAD20_A5", 223.665, 19.685, "T", "SMD", "CC1", "", "R", 27.559, 47.244, 0, 0, 270],
		[55, "PAD21_B9", 223.665, 59.842, "T", "SMD", "+5V", "", "R", 27.559, 47.244, 0, 0, 270],
		[56, "PAD22_B12", 223.665, 108.265, "T", "SMD", "GND", "GND", "R", 31.496, 47.244, 0, 0, 270],
		[57, "PAD23_7", 205.945, 170.075, "T", "DIP", "GND", "GND", "O", 39.37, 66.929, 19.686, 47.244, 270],
		[58, "PAD23_7", 205.945, 170.075, "B", "DIP", "GND", "GND", "O", 39.37, 66.929, 19.686, 47.244, 270],
		[59, "PAD24_7", 205.945, -170.075, "T", "DIP", "GND", "GND", "O", 39.37, 66.929, 19.686, 47.244, 270],
		[60, "PAD24_7", 205.945, -170.075, "B", "DIP", "GND", "GND", "O", 39.37, 66.929, 19.686, 47.244, 270],
		[61, "PAD25_7", 56.335, 170.075, "T", "DIP", "GND", "GND", "O", 39.37, 66.929, 19.686, 47.244, 270],
		[62, "PAD25_7", 56.335, 170.075, "B", "DIP", "GND", "GND", "O", 39.37, 66.929, 19.686, 47.244, 270],
		[63, "PAD26_7", 56.335, -170.075, "T", "DIP", "GND", "GND", "O", 39.37, 66.929, 19.686, 47.244, 270],
		[64, "PAD26_7", 56.335, -170.075, "B", "DIP", "GND", "GND", "O", 39.37, 66.929, 19.686, 47.244, 270],
		[65, "PAD27_1", 105, -290, "T", "DIP", "GND", "GND", "C", 165, 165, 80, 80, 180],
		[66, "PAD27_1", 105, -290, "B", "DIP", "GND", "GND", "C", 165, 165, 80, 80, 180],
		[67, "PAD28_1", 105, 300, "T", "DIP", "GND", "GND", "C", 165, 165, 80, 80, 180],
		[68, "PAD28_1", 105, 300, "B", "DIP", "GND", "GND", "C", 165, 165, 80, 80, 180],
		[69, "PAD29_1", 805, 300, "T", "DIP", "GND", "GND", "C", 165, 165, 80, 80, 180],
		[70, "PAD29_1", 805, 300, "B", "DIP", "GND", "GND", "C", 165, 165, 80, 80, 180],
		[71, "PAD30_1", 805, -290, "T", "DIP", "GND", "GND", "C", 165, 165, 80, 80, 180],
		[72, "PAD30_1", 805, -290, "B", "DIP", "GND", "GND", "C", 165, 165, 80, 80, 180]
	]
}
}